timestamp,datetime,open,high,low,close,volume,close_time,quote_volume,trades,taker_buy_base,taker_buy_quote
1729987200000,2024-10-26T21:00:00,67092.76,68332.05,66913.73,68021.7,8653.19592,1730073599999,585006148.4704809,1771989,4417.7362,298699666.9984393
1730073600000,2024-10-27T21:00:00,68021.69,70270.0,67618.0,69962.21,29046.75459,1730159999999,2005105729.8174448,4432446,15218.34976,1051606096.429826
1730160000000,2024-10-28T21:00:00,69962.21,73620.12,69760.0,72736.42,50128.60594,1730246399999,3602465986.891757,5645430,26898.46516,1932608784.1630373
1730246400000,2024-10-29T21:00:00,72736.41,72961.0,71436.0,72344.74,26885.99056,1730332799999,1941210537.2882867,4040734,13487.21433,973898183.7467278
1730332800000,2024-10-30T21:00:00,72344.75,72700.0,69685.76,70292.01,29352.10297,1730419199999,2091144977.4946847,4525542,14205.13879,1012048241.8498938
1730419200000,2024-10-31T21:00:00,70292.01,71632.95,68820.14,69496.01,38301.86755,1730505599999,2677358022.00497,4569271,18044.1622,1261663986.7596903
1730505600000,2024-11-01T21:00:00,69496.0,69914.37,69000.14,69374.74,10521.67243,1730591999999,731232427.6311548,1603561,5227.50713,363370734.8158011
1730592000000,2024-11-02T21:00:00,69374.74,69391.0,67478.73,68775.99,24995.70243,1730678399999,1709666206.4062023,3668029,12277.58177,839939073.1389577
1730678400000,2024-11-03T21:00:00,68775.99,69500.0,66835.0,67850.01,29800.39187,1730764799999,2033902307.002776,5377048,14927.24077,1019257547.5246848
1730764800000,2024-11-04T21:00:00,67850.01,70577.91,67476.63,69372.01,33355.06888,1730851199999,2310418908.069922,4955644,17059.88663,1181816730.9237833
1730851200000,2024-11-05T21:00:00,69372.01,76400.0,69298.0,75571.99,104126.994787,1730937599999,7702283270.258009,8434184,53243.884427,3938516657.232733
1730937600000,2024-11-06T21:00:00,75571.99,76849.99,74416.0,75857.89,44869.422345,1731023999999,3391796661.971956,5207722,21805.460295,1648278335.300733
1731024000000,2024-11-07T21:00:00,75857.89,77199.99,75555.0,76509.78,36521.099583,1731110399999,2784449097.5315185,4877489,17555.393633,1339019332.1967125
1731110400000,2024-11-08T21:00:00,76509.78,76900.0,75714.66,76677.46,16942.07915,1731196799999,1294709001.60289,2585264,8032.79327,614028515.3001705
1731196800000,2024-11-09T21:00:00,76677.46,81500.0,76492.0,80370.01,61830.100435,1731283199999,4905441473.900737,7128598,32751.012177,2597409399.234963
1731283200000,2024-11-10T21:00:00,80370.01,89530.54,80216.01,88647.99,82323.665776,1731369599999,6944268709.942721,9348890,42837.295314,3613896167.371912
1731369600000,2024-11-11T21:00:00,88648.0,89940.0,85072.0,87952.01,97299.887911,1731455999999,8540084566.279819,11499058,49589.333451,4353451682.829404
1731456000000,2024-11-12T21:00:00,87952.0,93265.64,86127.99,90375.2,86763.854127,1731542399999,7790928962.043038,11962100,44342.329327,3983689817.401445
1731542400000,2024-11-13T21:00:00,90375.21,91790.0,86668.21,87325.59,56729.51086,1731628799999,5073860815.928665,9828858,27940.856,2499212755.773147
1731628800000,2024-11-14T21:00:00,87325.59,91850.0,87073.38,91032.07,47927.95068,1731715199999,4276238971.181429,8009111,24800.61087,2213154236.5096154
1731715200000,2024-11-15T21:00:00,91032.08,91779.66,90056.17,90586.92,22717.87689,1731801599999,2067958511.904848,4239455,11496.31366,1046686701.002946
1731801600000,2024-11-16T21:00:00,90587.98,91449.99,88722.0,89855.99,23867.55609,1731887999999,2153871724.810395,4930719,11852.78227,1070094820.6738938
1731888000000,2024-11-17T21:00:00,89855.98,92594.0,89376.9,90464.08,46545.03448,1731974399999,4239909950.661894,7161125,23628.87098,2153158394.316311
1731974400000,2024-11-18T21:00:00,90464.07,93905.51,90357.0,92310.79,43660.04682,1732060799999,4025108502.849614,5647789,22127.852724,2040301638.1161728
1732060800000,2024-11-19T21:00:00,92310.8,94831.97,91500.0,94286.56,42203.198712,1732147199999,3950932314.646069,7365987,20425.307962,1912348704.247262
1732147200000,2024-11-20T21:00:00,94286.56,98988.0,94040.0,98317.12,69228.360477,1732233599999,6722807908.325656,9048605,35424.063227,3440467290.318527
1732233600000,2024-11-21T21:00:00,98317.12,99588.01,97122.11,98892.0,46189.309243,1732319999999,4555536773.363205,7271311,22709.668193,2240635299.646484
1732320000000,2024-11-22T21:00:00,98892.0,98908.85,97136.0,97672.4,24757.84367,1732406399999,2431609866.3295145,3839138,11176.2487,1097538914.9412584
1732406400000,2024-11-23T21:00:00,97672.4,98564.0,95734.77,97900.04,31200.97838,1732492799999,3034172011.9517884,4964720,15124.12176,1471313633.7467723
1732492800000,2024-11-24T21:00:00,97900.05,98871.8,92600.19,93010.01,50847.45096,1732579199999,4883444806.322193,8289691,23486.92705,2255516841.6102185
1732579200000,2024-11-25T21:00:00,93010.01,94973.37,90791.1,91965.16,57858.73138,1732665599999,5370918648.818167,10225809,29120.26765,2702543576.089108
1732665600000,2024-11-26T21:00:00,91965.16,97208.21,91792.14,95863.11,41153.42734,1732751999999,3894358511.617565,6648690,20316.58245,1922620637.3076184
1732752000000,2024-11-27T21:00:00,95863.11,96564.0,94640.0,95643.98,28814.54357,1732838399999,2749861591.2596097,4988161,14805.69321,1412851841.0751946
1732838400000,2024-11-28T21:00:00,95643.99,98619.99,95364.99,97460.0,27701.78231,1732924799999,2690451030.634288,5094070,13840.21172,1344148785.2636423
1732924800000,2024-11-29T21:00:00,97460.0,97463.95,96092.01,96407.99,14503.83306,1733011199999,1402672950.6998208,3354759,7075.91503,684284805.0234444
1733011200000,2024-11-30T21:00:00,96407.99,97836.0,95693.88,97185.18,16938.60452,1733097599999,1641327626.6062205,3342200,8114.89569,786489040.1936378
1733097600000,2024-12-01T21:00:00,97185.17,98130.0,94395.0,95840.62,37958.66981,1733183999999,3646639621.737588,7560103,18821.93327,1808458555.890584
1733184000000,2024-12-02T21:00:00,95840.61,96305.52,93578.17,95849.69,35827.32283,1733270399999,3413995542.0186563,5361712,17339.11167,1652090703.1755955
1733270400000,2024-12-03T21:00:00,95849.69,99000.0,94587.83,98587.32,43850.53728,1733356799999,4241994533.786106,6648724,22033.60112,2132655972.045
1733356800000,2024-12-04T21:00:00,98587.32,104088.0,90500.0,96945.63,109921.729662,1733443199999,11048002942.149933,12012364,56235.078356,5657171374.763455
1733443200000,2024-12-05T21:00:00,96945.63,101898.99,95981.72,99740.84,45049.5331,1733529599999,4456641685.364444,6919102,21999.62416,2175645718.5533605
1733529600000,2024-12-06T21:00:00,99740.84,100439.18,98844.0,99831.99,14931.9459,1733615999999,1487953846.8385458,2634566,6776.55,675350661.2973348
1733616000000,2024-12-07T21:00:00,99831.99,101351.0,98657.7,101109.59,14612.99688,1733702399999,1459576946.402151,2994709,7152.80173,714745738.9188356
1733702400000,2024-12-08T21:00:00,101109.6,101215.93,94150.05,97276.47,53949.11595,1733788799999,5283626995.705648,8445872,25472.08477,2495722030.5370946
1733788800000,2024-12-09T21:00:00,97276.48,98270.0,94256.54,96593.0,51708.68933,1733875199999,4988660195.092428,11556189,24523.09586,2367164879.170773
1733875200000,2024-12-10T21:00:00,96593.0,101888.0,95658.24,101125.0,37753.78291,1733961599999,3745703763.01845,8250511,19112.84559,1897146318.2111704
1733961600000,2024-12-11T21:00:00,101125.0,102540.0,99311.64,100004.29,29232.08745,1734047999999,2949462583.8661704,8066322,14175.88661,1430984456.6703606
1734048000000,2024-12-12T21:00:00,100004.29,101895.26,99205.0,101424.25,21904.03923,1734134399999,2203903393.0741005,5481660,10669.09365,1073720887.6354558
1734134400000,2024-12-13T21:00:00,101424.24,102650.0,100609.41,101420.0,14191.70326,1734220799999,1441594367.0463192,3374538,6790.24676,689981854.1394897
1734220800000,2024-12-14T21:00:00,101420.0,105250.0,101237.14,104463.99,22228.921775,1734307199999,2290462903.835791,3638809,12668.894355,1305611448.3000977
1734307200000,2024-12-15T21:00:00,104463.99,107793.07,103333.0,106058.66,41302.40274,1734393599999,4364964400.634553,8048054,20349.0995,2150550899.2475224
1734393600000,2024-12-16T21:00:00,106058.65,108353.0,105321.49,106133.74,29064.936466,1734479999999,3103833327.775107,7212799,14187.320446,1515158210.55198
1734480000000,2024-12-17T21:00:00,106133.74,106524.98,100000.0,100204.01,50307.99755,1734566399999,5194263316.259236,8762120,23308.37525,2407213144.2694983
1734566400000,2024-12-18T21:00:00,100204.01,102800.11,95700.0,97461.86,55147.398,1734652799999,5487546517.707752,7273941,26898.63715,2677636003.906506
1734652800000,2024-12-19T21:00:00,97461.86,98233.0,92232.54,97805.44,62884.1357,1734739199999,6022845238.832326,7429007,29463.23021,2822939306.663078
1734739200000,2024-12-20T21:00:00,97805.44,99540.61,96398.39,97291.99,23483.54143,1734825599999,2296232055.195926,3717638,11726.94119,1146732451.4218132
1734825600000,2024-12-21T21:00:00,97292.0,97448.08,94250.35,95186.27,19353.83036,1734911999999,1857819866.3604,3633551,9293.39749,892081877.7627708
1734912000000,2024-12-22T21:00:00,95186.28,96538.92,92520.0,94881.47,32810.76703,1734998399999,3100007213.494563,5464919,16339.58355,1544707289.744369
1734998400000,2024-12-23T21:00:00,94881.47,99487.99,93569.02,98663.58,23674.22488,1735084799999,2287214424.706476,3421549,11969.2539,1156798174.582326
1735084800000,2024-12-24T21:00:00,98663.58,99569.15,97632.02,99429.6,14474.1651,1735171199999,1426143976.0493636,3283028,7006.5265,690465056.5871859
1735171200000,2024-12-25T21:00:00,99429.61,99963.7,95199.14,95791.6,21192.36727,1735257599999,2049123567.3867724,5203490,10071.87249,973940616.1292444
1735257600000,2024-12-26T21:00:00,95791.6,97544.58,93500.01,94299.03,26501.26429,1735343999999,2528567849.7794614,5718866,12945.51657,1235623739.0578184
1735344000000,2024-12-27T21:00:00,94299.03,95733.99,94135.66,95300.0,8385.8929,1735430399999,794651624.8349555,2732061,4203.59876,398416342.128167
1735430400000,2024-12-28T21:00:00,95300.0,95340.0,93009.52,93738.2,13576.00578,1735516799999,1278370863.9768472,2865838,5651.38589,532195414.1027413
1735516800000,2024-12-29T21:00:00,93738.19,95024.5,91530.45,92792.05,27619.4225,1735603199999,2573126059.769478,5560563,13092.19646,1220209278.2523272
1735603200000,2024-12-30T21:00:00,92792.05,96250.0,92033.73,93576.0,19612.03389,1735689599999,1845718801.922704,3347847,9687.96775,911716321.605402
1735689600000,2024-12-31T21:00:00,93576.0,95151.15,92888.0,94591.79,10373.32613,1735775999999,975444194.1379983,1516556,5347.73648,502914035.6405907
1735776000000,2025-01-01T21:00:00,94591.78,97839.5,94392.0,96984.79,21970.48948,1735862399999,2118411852.68128,3569079,10915.96986,1052226710.3336716
1735862400000,2025-01-02T21:00:00,96984.79,98976.91,96100.01,98174.18,15253.82936,1735948799999,1486610768.5907917,2851164,7468.60797,727787246.8965588
1735948800000,2025-01-03T21:00:00,98174.17,98778.43,97514.79,98220.5,8990.05651,1736035199999,881223751.6353602,1559982,4350.80221,426524714.1305539
1736035200000,2025-01-04T21:00:00,98220.51,98836.85,97276.79,98363.61,8095.63723,1736121599999,793931715.9546324,1685799,3877.90985,380355340.4686036
1736121600000,2025-01-05T21:00:00,98363.61,102480.0,97920.0,102235.6,25263.43375,1736207999999,2540561688.7771435,3853702,12539.59534,1260943259.466256
1736208000000,2025-01-06T21:00:00,102235.6,102724.38,96181.81,96954.61,32059.87537,1736294399999,3170421659.717236,4480562,14815.11453,1464336049.7055345
1736294400000,2025-01-07T21:00:00,96954.6,97268.65,92500.9,95060.61,33704.67894,1736380799999,3205849081.112962,5171208,15803.85091,1503791328.6993084
1736380800000,2025-01-08T21:00:00,95060.61,95382.32,91203.67,92552.49,34544.83685,1736467199999,3217669887.245398,6027161,15323.62663,1427812152.272761
1736467200000,2025-01-09T21:00:00,92552.49,95836.0,92206.02,94726.11,31482.86424,1736553599999,2962085343.283704,5531444,15617.43823,1469711545.6571271
1736553600000,2025-01-10T21:00:00,94726.1,95050.94,93831.73,94599.99,7047.9043,1736639999999,665685994.93301,1496191,3412.37671,322346977.4354553
1736640000000,2025-01-11T21:00:00,94599.99,95450.1,93711.19,94545.06,8606.86622,1736726399999,813278829.6583949,1658863,4028.33031,380691769.9184427
1736726400000,2025-01-12T21:00:00,94545.07,95940.0,89256.69,94536.1,42619.56423,1736812799999,3930666134.3474574,5740963,19473.88042,1797888178.849608
1736812800000,2025-01-13T21:00:00,94536.11,97371.0,94346.22,96560.86,27846.61753,1736899199999,2676048470.3569503,4532923,14248.69616,1369464111.693496
1736899200000,2025-01-14T21:00:00,96560.85,100681.94,96500.0,100497.35,30509.99179,1736985599999,3006242382.8867946,3487945,15494.17873,1527728226.3083327
1736985600000,2025-01-15T21:00:00,100497.35,100866.66,97335.13,99987.3,27832.85317,1737071999999,2765162040.639799,3762755,13513.53707,1342462621.6273284
1737072000000,2025-01-16T21:00:00,99987.3,105865.22,99950.77,104077.48,39171.85292,1737158399999,4040993985.475047,3886907,20673.213,2131223293.204846
1737158400000,2025-01-17T21:00:00,104077.47,104988.88,102277.55,104556.23,24307.82998,1737244799999,2521522119.379525,3403162,11607.51274,1204170928.374812
1737244800000,2025-01-18T21:00:00,104556.23,106422.43,99651.6,101331.57,43397.28298,1737331199999,4513423971.410253,5271920,21079.51082,2193270771.0019445
1737331200000,2025-01-19T21:00:00,101331.57,109588.0,99550.0,102260.01,89529.231732,1737417599999,9398787064.320717,11597937,44770.529492,4704453254.515383
1737417600000,2025-01-20T21:00:00,102260.0,107240.81,100119.04,106143.82,45941.02002,1737503999999,4768512258.156502,6842980,23227.02741,2411854258.5127187
1737504000000,2025-01-21T21:00:00,106143.82,106394.46,103339.12,103706.66,22248.69254,1737590399999,2331144640.658579,4364035,10501.59306,1100173331.9876585
1737590400000,2025-01-22T21:00:00,103706.66,106850.0,101262.28,103910.34,53953.12031,1737676799999,5610760848.131639,6961383,27045.92646,2813824950.571884
1737676800000,2025-01-23T21:00:00,103910.35,107120.0,102750.0,104870.5,23609.24017,1737763199999,2483818574.373748,4798886,11893.4605,1251601023.3484683
1737763200000,2025-01-24T21:00:00,104870.51,105286.52,104106.09,104746.85,9068.32377,1737849599999,949511531.3578016,1770765,4462.60438,467284996.3760966
1737849600000,2025-01-25T21:00:00,104746.86,105500.0,102520.44,102620.0,9812.51238,1737935999999,1024352365.4715524,1813011,4642.17247,484871090.3361497
1737936000000,2025-01-26T21:00:00,102620.01,103260.0,97777.77,102082.83,50758.1341,1738022399999,5092886322.829244,9368910,23529.22433,2361569760.8418937
1738022400000,2025-01-27T21:00:00,102082.83,103800.0,100272.68,101335.52,22022.05765,1738108799999,2253977324.036209,5428644,10756.64741,1101357650.2919877
1738108800000,2025-01-28T21:00:00,101335.52,104782.68,101328.01,103733.24,23155.35802,1738195199999,2380383694.772136,5189699,11675.17182,1200636637.8143668
1738195200000,2025-01-29T21:00:00,103733.25,106457.44,103278.54,104722.94,19374.07472,1738281599999,2038112603.5126407,3990075,10140.92834,1066933244.9920208
1738281600000,2025-01-30T21:00:00,104722.94,106012.0,101560.0,102429.56,21983.18193,1738367999999,2282174002.1952176,4331904,10697.39968,1111485874.1292844
1738368000000,2025-01-31T21:00:00,102429.56,102783.71,100279.51,100635.65,12290.95747,1738454399999,1250354228.2372296,2588786,5625.89331,572540016.1490111
1738454400000,2025-02-01T21:00:00,100635.66,101456.6,96150.0,97700.59,34619.49939,1738540799999,3412084312.583628,7202339,15587.16669,1536076091.303013
1738540800000,2025-02-02T21:00:00,97700.59,102500.01,91231.0,101328.52,75164.7385,1738627199999,7228589180.711621,10625262,36736.56946,3537845694.481266
1738627200000,2025-02-03T21:00:00,101328.51,101732.31,96150.0,97763.13,40267.98697,1738713599999,3989698644.26493,6618911,19091.58154,1891457194.359833
1738713600000,2025-02-04T21:00:00,97763.14,99149.0,96155.0,96612.43,26233.30444,1738799999999,2562342153.829685,4471763,11032.55174,1078316288.1425588
1738800000000,2025-02-05T21:00:00,96612.44,99120.0,95676.64,96554.35,23515.20405,1738886399999,2289071921.2175603,4242807,11261.53049,1096611639.376009
1738886400000,2025-02-06T21:00:00,96554.35,100137.99,95620.34,96506.8,31794.22065,1738972799999,3107592434.6738343,5012456,15249.3537,1491114588.559852
1738972800000,2025-02-07T21:00:00,96506.8,96880.0,95688.0,96444.74,10147.24294,1739059199999,977040267.5158632,1757892,4450.52682,428452764.9047411
1739059200000,2025-02-08T21:00:00,96444.75,97323.09,94713.0,96462.75,14120.91613,1739145599999,1359495152.3107977,2293192,6663.72875,641795598.1752762
1739145600000,2025-02-09T21:00:00,96462.75,98345.0,95256.0,97430.82,20572.87537,1739231999999,1999112052.6687863,3475919,9607.62329,933665618.5050192
1739232000000,2025-02-10T21:00:00,97430.82,98478.42,94876.88,95778.2,18647.76379,1739318399999,1806534846.38632,3716586,8594.50066,832320054.8763716
1739318400000,2025-02-11T21:00:00,95778.21,98119.99,94088.23,97869.99,29151.16625,1739404799999,2800142168.3943653,4992737,13820.70553,1328044257.0401337
1739404800000,2025-02-12T21:00:00,97870.0,98083.91,95217.36,96608.14,19921.77616,1739491199999,1916988246.3921187,3909456,8852.16215,851823567.0939347
1739491200000,2025-02-13T21:00:00,96608.13,98826.0,96252.82,97500.48,18173.02646,1739577599999,1768073218.8690157,3499564,9061.31682,881925349.6444213
1739577600000,2025-02-14T21:00:00,97500.47,97972.26,97223.58,97569.66,7349.37683,1739663999999,717245393.778092,1694327,3579.14202,349322778.2339769
1739664000000,2025-02-15T21:00:00,97569.67,97704.47,96046.18,96118.12,8191.4249,1739750399999,794694242.2949733,1596701,3719.73063,360842416.6644167
1739750400000,2025-02-16T21:00:00,96118.12,97046.59,95205.0,95780.0,16492.0451,1739836799999,1584593526.1754675,2831237,8010.41565,769979077.1361973
1739836800000,2025-02-17T21:00:00,95780.01,96753.91,93388.09,95671.74,23368.19471,1739923199999,2223994802.892005,4234248,11432.47367,1088319233.5219896
1739923200000,2025-02-18T21:00:00,95671.74,96899.99,95029.99,96644.37,16438.50954,1740009599999,1576817572.1032505,2784225,7173.61807,688586919.9759259
1740009600000,2025-02-19T21:00:00,96644.37,98711.36,96415.09,98305.0,17057.39177,1740095999999,1663386824.7315507,2386973,8356.42859,815056614.173827
1740096000000,2025-02-20T21:00:00,98305.01,99475.0,94871.95,96181.98,32249.2814,1740182399999,3143975917.5734644,4528525,15313.58184,1493403646.8483026
1740182400000,2025-02-21T21:00:00,96181.99,96980.0,95770.49,96551.01,11268.17708,1740268799999,1087077133.8226364,1506418,5293.28051,510722895.1675426
1740268800000,2025-02-22T21:00:00,96551.01,96650.0,95227.94,96258.0,10884.84913,1740355199999,1044392011.791024,1457368,4619.93267,443381984.4110255
1740355200000,2025-02-23T21:00:00,96258.0,96500.0,91349.26,91552.88,31550.10299,1740441599999,2981809595.445377,4972684,14438.63366,1366473567.874773
1740441600000,2025-02-24T21:00:00,91552.88,92540.69,86050.99,88680.4,78333.11111,1740527999999,6962982500.904474,10289145,35822.15275,3183981371.47505
1740528000000,2025-02-25T21:00:00,88680.39,89414.15,82256.01,84250.09,56893.54409,1740614399999,4898429925.6364765,8490006,28077.1845,2417690848.8189874
1740614400000,2025-02-26T21:00:00,84250.09,87078.46,82716.49,84708.58,42505.45439,1740700799999,3618738891.222162,6357581,20355.71969,1732725913.2817628
1740700800000,2025-02-27T21:00:00,84708.57,85120.0,78258.52,84349.94,83648.03969,1740787199999,6806705236.690679,11344216,40224.85287,3274291175.8103995
1740787200000,2025-02-28T21:00:00,84349.95,86558.0,83824.78,86064.53,25785.05464,1740873599999,2194003507.852643,3700728,11748.10769,1000093822.5383524
1740873600000,2025-03-01T21:00:00,86064.54,95000.0,85050.6,94270.0,54889.09045,1740959999999,4972549515.788669,7403218,29273.81031,2652973441.154539
1740960000000,2025-03-02T21:00:00,94269.99,94416.46,85117.11,86220.61,59171.10218,1741046399999,5321123743.471923,9797860,27915.4365,2513464571.356911
1741046400000,2025-03-03T21:00:00,86221.16,88967.52,81500.0,87281.98,55609.10706,1741132799999,4704901219.590436,10326631,27584.7159,2335087296.239287
1741132800000,2025-03-04T21:00:00,87281.98,91000.0,86334.53,90606.01,38264.01163,1741219199999,3400243670.3049755,8070266,19230.28436,1709708737.4698937
1741219200000,2025-03-05T21:00:00,90606.0,92810.64,87836.0,89931.89,34342.44902,1741305599999,3105145628.3994,7643526,17283.99411,1563426526.4289937
1741305600000,2025-03-06T21:00:00,89931.88,91283.02,84667.03,86801.75,57980.35713,1741391999999,5097554826.613157,9510442,28394.41537,2497922400.4504447
1741392000000,2025-03-07T21:00:00,86801.74,86897.25,85218.47,86222.45,12989.23054,1741478399999,1119358968.6520054,2553974,6491.56581,559581591.3470742
1741478400000,2025-03-08T21:00:00,86222.46,86500.0,80000.0,80734.37,26115.39345,1741564799999,2173552660.454479,5189138,12093.87232,1006299692.7104127
1741564800000,2025-03-09T21:00:00,80734.48,84123.46,77459.91,78595.86,47633.38405,1741651199999,3834924947.758186,8701538,22898.57072,1846606255.3521483
1741651200000,2025-03-10T21:00:00,78595.86,83617.4,76606.0,82932.99,48770.06853,1741737599999,3927000827.110792,6983310,24029.1677,1935950413.20182
1741737600000,2025-03-11T21:00:00,82932.99,84539.85,80607.65,83680.12,31933.986,1741823999999,2638600996.825396,5253577,15749.41702,1301890518.499408
1741824000000,2025-03-12T21:00:00,83680.12,84336.33,79939.9,81115.78,27546.27412,1741910399999,2260870111.2393894,4367093,13013.18135,1067945431.1219468
1741910400000,2025-03-13T21:00:00,81115.78,85309.71,80818.84,83983.2,26858.52755,1741996799999,2244729595.541172,3290987,14082.88688,1177807467.01818
1741996800000,2025-03-14T21:00:00,83983.19,84676.28,83618.0,84338.44,11324.7332,1742083199999,953445671.8337504,1329670,5195.29128,437551330.253166
1742083200000,2025-03-15T21:00:00,84338.44,85117.04,81981.12,82574.53,17596.12531,1742169599999,1468056556.296723,2767947,8505.95317,710037465.075748
1742169600000,2025-03-16T21:00:00,82574.52,84756.83,82456.0,84010.03,17214.74358,1742255999999,1437716814.0468738,3014756,8387.89111,700505421.7877294
1742256000000,2025-03-17T21:00:00,84010.02,84021.74,81134.66,82715.03,17610.89883,1742342399999,1450813055.479726,3126371,8047.23418,662808749.3427887
1742342400000,2025-03-18T21:00:00,82715.03,87000.0,82547.16,86845.94,28151.05374,1742428799999,2375813941.9437623,3774761,13804.24847,1166238970.2811463
1742428800000,2025-03-19T21:00:00,86845.93,87453.67,83655.23,84223.39,22090.30463,1742515199999,1885241921.155652,3252595,10163.59262,867440339.2962607
1742515200000,2025-03-20T21:00:00,84223.38,84850.33,83175.25,84088.79,11956.97443,1742601599999,1005135519.2560016,2360005,5466.41961,459501348.0817583
1742601600000,2025-03-21T21:00:00,84088.79,84539.17,83625.1,83840.59,5420.22114,1742687999999,456235443.8016522,864481,2284.19178,192291026.7874248
1742688000000,2025-03-22T21:00:00,83840.59,86129.64,83809.75,86082.5,8461.97813,1742774399999,718692319.1499038,1206533,4424.81013,376007261.5213597
1742774400000,2025-03-23T21:00:00,86082.5,88765.43,85519.09,87498.16,30115.62111,1742860799999,2636765917.951844,2916713,14379.95578,1258638667.112904
1742860800000,2025-03-24T21:00:00,87498.16,88539.63,86310.0,87392.87,22643.25248,1742947199999,1979571590.8982933,2802815,9440.56294,825308072.6337814
1742947200000,2025-03-25T21:00:00,87392.88,88275.0,85860.0,86909.17,18408.78485,1743033599999,1606406955.5864632,2380154,8590.97753,749604853.2968135
1743033600000,2025-03-26T21:00:00,86909.17,87756.39,85800.0,87232.01,17098.03897,1743119999999,1487968807.7079022,2376381,8185.05517,712324893.2889168
1743120000000,2025-03-27T21:00:00,87232.01,87515.67,83585.0,84424.38,27182.73169,1743206399999,2309946560.664114,3236085,11274.83736,958523321.8112732
1743206400000,2025-03-28T21:00:00,84424.38,84624.73,81644.81,82648.54,11696.39864,1743292799999,970199917.9868716,2172387,5621.60485,466215575.4849069
1743292800000,2025-03-29T21:00:00,82648.53,83534.64,81565.0,82389.99,9864.49508,1743379199999,816584795.5288126,1907663,4725.07105,391214080.1101161
1743379200000,2025-03-30T21:00:00,82390.0,83943.08,81278.52,82550.01,20569.13885,1743465599999,1696009191.0809648,3964358,9912.88184,817875871.1107413
1743465600000,2025-03-31T21:00:00,82550.0,85579.46,82432.74,85158.34,20190.39697,1743551999999,1698895702.5754683,3328693,10246.42648,862302772.4330863
1743552000000,2025-04-01T21:00:00,85158.35,88500.0,82320.0,82516.29,39931.457,1743638399999,3417279759.830764,5338238,20739.67809,1777735583.8407478
1743638400000,2025-04-02T21:00:00,82516.28,83998.02,81211.24,83213.09,27337.84135,1743724799999,2259299724.8643928,4117486,13951.52792,1153439398.6198013
1743724800000,2025-04-03T21:00:00,83213.09,84720.0,81659.0,83889.87,32915.53976,1743811199999,2739842666.426737,4992586,15896.18779,1323832046.264688
1743811200000,2025-04-04T21:00:00,83889.87,84266.0,82379.95,83537.99,9360.40468,1743897599999,779626577.9013436,1575750,4029.64658,335654613.7277184
1743897600000,2025-04-05T21:00:00,83537.99,83817.63,77153.83,78430.0,27942.71436,1743983999999,2239085051.1529646,3948493,12493.8449,1001459573.494466
1743984000000,2025-04-06T21:00:00,78430.0,81243.58,74508.0,79163.24,78387.53089,1744070399999,6084614024.150647,9736596,39075.84274,3034375055.6843963
1744070400000,2025-04-07T21:00:00,79163.24,80867.99,76239.9,76322.42,35317.32063,1744156799999,2775277777.102461,5512751,15704.73031,1235370767.1153502
1744156800000,2025-04-08T21:00:00,76322.42,83588.0,74620.0,82615.22,75488.28772,1744243199999,5980231256.222496,7741252,39491.62958,3137004042.959261
1744243200000,2025-04-09T21:00:00,82615.22,82753.21,78464.36,79607.3,33284.80718,1744329599999,2690294353.8478427,4529545,16339.9191,1321475356.0200849
1744329600000,2025-04-10T21:00:00,79607.3,84300.0,78969.58,83423.84,34435.43797,1744415999999,2830363945.1787524,4423157,18019.58367,1482515278.9177043
1744416000000,2025-04-11T21:00:00,83423.83,85905.0,82792.95,85276.9,18470.74437,1744502399999,1557403252.9267516,2501196,9526.72644,803747272.783468
1744502400000,2025-04-12T21:00:00,85276.91,86100.0,83034.23,83760.0,24680.04181,1744588799999,2086106375.439256,3275879,11658.67909,986303246.0931836
1744588800000,2025-04-13T21:00:00,83760.0,85799.99,83678.0,84591.58,28659.09348,1744675199999,2429132805.0815287,3921522,15196.58929,1288815999.1406174
1744675200000,2025-04-14T21:00:00,84591.58,86496.42,83600.0,83643.99,20910.99528,1744761599999,1780972414.3956008,2910533,10439.36072,889895753.1673651
1744761600000,2025-04-15T21:00:00,83643.99,85500.0,83111.64,84030.38,20867.24519,1744847999999,1753910031.2009242,3264730,10456.769,878939829.4848368
1744848000000,2025-04-16T21:00:00,84030.38,85470.01,83736.26,84947.91,13728.84772,1744934399999,1161659427.386263,2003405,6424.41565,543726754.4187016
1744934400000,2025-04-17T21:00:00,84947.92,85132.08,84303.96,84474.69,6529.96315,1745020799999,552648483.647487,840009,2911.78856,246467088.2621466
1745020800000,2025-04-18T21:00:00,84474.7,85677.99,84364.45,85077.01,9666.58153,1745107199999,823222752.2842493,875226,5416.30087,461342923.999082
1745107200000,2025-04-19T21:00:00,85077.0,85320.76,83949.52,85179.24,8091.67725,1745193599999,685253644.8918362,944130,3843.48314,325482835.7378329
1745193600000,2025-04-20T21:00:00,85179.24,88465.99,85144.76,87516.23,31773.37262,1745279999999,2773299591.467066,3041395,17216.39877,1502705225.134135
1745280000000,2025-04-21T21:00:00,87516.22,93888.0,87076.03,93442.99,43872.74705,1745366399999,3967785064.12817,3268475,22777.77047,2062639579.2030847
1745366400000,2025-04-22T21:00:00,93442.99,94696.05,91935.41,93691.08,27404.16808,1745452799999,2560279933.947952,3016536,13128.05774,1226992558.5765462
1745452800000,2025-04-23T21:00:00,93691.07,94005.0,91660.01,93980.47,19497.06071,1745539199999,1811120137.314679,2797383,8565.18128,795787487.3608981
1745539200000,2025-04-24T21:00:00,93980.47,95758.04,92855.96,94638.68,27500.66648,1745625599999,2596877713.640173,3331828,13072.22136,1234153095.7292683
1745625600000,2025-04-25T21:00:00,94638.68,95199.0,93870.69,94628.0,9415.06875,1745711999999,889627361.8414447,1475983,4156.22463,392757114.4383579
1745712000000,2025-04-26T21:00:00,94628.0,95369.0,93602.58,93749.3,11162.841,1745798399999,1052334792.1866188,1918160,5250.08719,495112239.1081697
1745798400000,2025-04-27T21:00:00,93749.29,95630.0,92800.01,95011.18,22157.53351,1745884799999,2092532996.555172,3424740,11626.77592,1098667305.239998
1745884800000,2025-04-28T21:00:00,95011.18,95461.53,93742.54,94256.82,16955.3402,1745971199999,1607154803.4675477,3020875,7112.68469,674688527.813066
1745971200000,2025-04-29T21:00:00,94256.82,95228.45,92910.0,94172.0,17661.2751,1746057599999,1664825670.9831252,3214149,8393.2162,791272380.0312448
1746057600000,2025-04-30T21:00:00,94172.0,97424.02,94130.43,96489.91,21380.45343,1746143999999,2053857614.2732675,2925716,10925.87308,1049157198.8587636
1746144000000,2025-05-01T21:00:00,96489.9,97895.68,96350.0,96887.14,14905.74811,1746230399999,1446387651.5840576,2698263,7440.33531,722022817.2246199
1746230400000,2025-05-02T21:00:00,96887.13,96935.67,95753.01,95856.42,9723.34838,1746316799999,935906144.9651498,1181239,3929.4049,378271292.4443145
1746316800000,2025-05-03T21:00:00,95856.42,96304.48,94151.38,94277.62,11036.38342,1746403199999,1053542403.8531588,1674726,4385.33486,418573470.8569623
1746403200000,2025-05-04T21:00:00,94277.61,95199.0,93514.1,94733.68,17251.18189,1746489599999,1626999380.1759968,2623300,8399.64855,792299650.3395202
1746489600000,2025-05-05T21:00:00,94733.68,96920.65,93377.0,96834.02,16122.64513,1746575999999,1526847764.5636685,2512960,7505.95734,711372483.6117135
1746576000000,2025-05-06T21:00:00,96834.02,97732.0,95784.61,97030.5,16644.83854,1746662399999,1611730124.5924542,2849139,8316.74471,805430612.4055355
1746662400000,2025-05-07T21:00:00,97030.5,104145.76,96876.29,103261.6,34962.02847,1746748799999,3508645830.5650144,4991147,18547.23009,1861334478.364427
1746748800000,2025-05-08T21:00:00,103261.61,104361.3,102315.14,102971.99,27617.39907,1746835199999,2847518447.981513,4406929,14525.20381,1497826622.326188
1746835200000,2025-05-09T21:00:00,102971.99,104984.57,102818.76,104809.53,15324.78611,1746921599999,1588386278.502415,2227845,8258.23478,856095289.5216646
1746921600000,2025-05-10T21:00:00,104809.53,104972.0,103345.06,104118.0,17987.12197,1747007999999,1873381777.2124248,3100176,9071.95578,944903285.107308
1747008000000,2025-05-11T21:00:00,104118.0,105819.45,100718.37,102791.32,31272.77792,1747094399999,3242348937.383069,5298407,16455.99797,1707457796.5881395
1747094400000,2025-05-12T21:00:00,102791.32,104976.25,101429.7,104103.72,21253.42409,1747180799999,2197244118.152367,3703531,10705.97845,1106609664.707795
1747180800000,2025-05-13T21:00:00,104103.72,104356.95,102602.05,103507.82,16452.9081,1747267199999,1704708279.3884108,3025221,8026.03333,831783471.654361
1747267200000,2025-05-14T21:00:00,103507.83,104192.7,101383.07,103763.71,17998.98604,1747353599999,1850183474.529204,4139477,8475.18036,871244345.564136
1747353600000,2025-05-15T21:00:00,103763.71,104550.33,103100.49,103463.9,15683.88024,1747439999999,1628832372.3241482,3237442,7555.15801,784850382.1942747
1747440000000,2025-05-16T21:00:00,103463.9,103709.86,102612.5,103126.65,11250.89622,1747526399999,1160418362.950618,2568597,5335.11525,550379728.7338501
1747526400000,2025-05-17T21:00:00,103126.65,106660.0,103105.09,106454.26,21599.98726,1747612799999,2262214972.0749383,3193300,11664.89904,1221914552.0552013
1747612800000,2025-05-18T21:00:00,106454.27,107108.62,102000.0,105573.74,30260.03524,1747699199999,3150324504.595452,4881371,14208.309,1480452895.0841565
1747699200000,2025-05-19T21:00:00,105573.73,107320.0,104184.72,106849.99,23705.48275,1747785599999,2509102444.669598,3878351,12350.46275,1307273652.3895233
1747785600000,2025-05-20T21:00:00,106850.0,110797.38,106100.01,109643.99,45531.040345,1747871999999,4914709514.320026,6835279,23661.649395,2555528481.098726
1747872000000,2025-05-21T21:00:00,109643.99,111980.0,109177.37,111696.21,31630.77313,1747958399999,3509432834.573417,5794216,16584.56293,1840083098.5827856
1747958400000,2025-05-22T21:00:00,111696.22,111800.0,106800.0,107318.3,31737.72309,1748044799999,3469704446.3904047,5251192,14309.31652,1565622441.187517
1748044800000,2025-05-23T21:00:00,107318.3,109506.03,106875.41,107761.91,16782.53129,1748131199999,1819958819.7748587,2805418,8786.90747,953683093.321657
1748131200000,2025-05-24T21:00:00,107761.9,109299.99,106600.64,109004.19,17710.04695,1748217599999,1904366455.425858,3151168,7867.16712,846688135.0097136
1748217600000,2025-05-25T21:00:00,109004.2,110422.22,108670.58,109434.79,14649.11593,1748303999999,1605578282.107903,2887863,7301.11288,800269021.1922797
1748304000000,2025-05-26T21:00:00,109434.78,110718.0,107516.57,108938.17,21276.65635,1748390399999,2327603851.119265,3735509,9969.89271,1090553624.461599
1748390400000,2025-05-27T21:00:00,108938.17,109284.7,106769.43,107781.78,15633.78829,1748476799999,1689136748.5130312,2933262,6877.27341,743282966.7207196
1748476800000,2025-05-28T21:00:00,107781.78,108891.91,105322.86,105589.75,19834.70116,1748563199999,2128639017.5081613,3774926,9457.49356,1015173771.5489898
1748563200000,2025-05-29T21:00:00,105589.75,106313.12,103621.0,103985.48,23706.49799,1748649599999,2493078549.591861,4307572,11070.98746,1164158558.6435854
1748649600000,2025-05-30T21:00:00,103985.47,104900.0,103068.55,104591.88,11289.35922,1748735999999,1174000801.507038,2343787,5278.95175,548980630.8493578
1748736000000,2025-05-31T21:00:00,104591.88,105866.91,103752.49,105642.93,9709.70006,1748822399999,1016188486.9505996,1939359,4640.3507,485683466.9347843
1748822400000,2025-06-01T21:00:00,105642.93,105935.63,103659.88,105857.99,13453.98813,1748908799999,1409004206.9863732,2997656,6494.65497,680177826.6144172
1748908800000,2025-06-02T21:00:00,105858.0,106794.67,104872.5,105376.89,13259.52634,1748995199999,1402493746.5993218,2470698,6260.22436,662160926.8241225
1748995200000,2025-06-03T21:00:00,105376.9,106000.0,104179.0,104696.86,14034.89482,1749081599999,1476928482.368878,2274464,6979.9491,734803757.4185838
1749081600000,2025-06-04T21:00:00,104696.86,105909.71,100372.26,101508.68,22321.50154,1749167999999,2301567892.5305448,3963295,10005.36019,1031668517.0427113
1749168000000,2025-06-05T21:00:00,101508.69,105333.0,101095.8,104288.44,15839.07385,1749254399999,1642382404.9355752,2709327,7655.60679,793575821.4357932
1749254400000,2025-06-06T21:00:00,104288.43,105900.0,103871.09,105552.15,8344.93206,1749340799999,877915380.9548231,1402494,3970.01912,417664199.1912712
1749340800000,2025-06-07T21:00:00,105552.15,106488.14,104964.14,105734.0,8048.06305,1749427199999,850887129.4282976,1295154,4361.42266,461098506.088324
1749427200000,2025-06-08T21:00:00,105734.01,110530.17,105318.37,110263.02,19975.37451,1749513599999,2154922022.221173,2839846,10623.88217,1146790065.5135615
1749513600000,2025-06-09T21:00:00,110263.02,110400.0,108331.03,110274.39,17071.82839,1749599999999,1867620550.192173,3003420,8009.29581,876411274.3969488
1749600000000,2025-06-10T21:00:00,110274.39,110392.01,108064.0,108645.12,13115.91638,1749686399999,1434884639.7506304,2667014,6030.96867,659947218.0033869
1749686400000,2025-06-11T21:00:00,108645.13,108813.55,105671.72,105671.73,17778.67218,1749772799999,1908309274.0868344,3517420,8291.22648,890420511.4704415
1749772800000,2025-06-12T21:00:00,105671.74,106179.53,102664.31,106066.59,26180.81734,1749859199999,2735461890.6929703,5452577,12793.70705,1337300355.9952192
1749859200000,2025-06-13T21:00:00,106066.59,106252.0,104300.0,105414.64,8798.93969,1749945599999,925568614.1784064,1521776,3848.55498,405001275.9262716
1749945600000,2025-06-14T21:00:00,105414.63,106128.57,104494.53,105594.01,7164.20047,1750031999999,754596887.8748004,1564768,3356.46912,353608577.6853774
1750032000000,2025-06-15T21:00:00,105594.02,108952.38,104980.37,106794.53,14922.6654,1750118399999,1599849840.7325244,2928998,7442.34921,797865030.1366178
1750118400000,2025-06-16T21:00:00,106794.53,107771.34,103371.02,104551.17,17866.33025,1750204799999,1883173484.8991,3723010,8082.6529,852365443.211356
1750204800000,2025-06-17T21:00:00,104551.17,105550.27,103500.0,104886.78,13968.64167,1750291199999,1461383024.362209,3468170,6656.31474,696386846.6904296
1750291200000,2025-06-18T21:00:00,104886.79,105226.17,103929.27,104658.59,7678.60737,1750377599999,803402575.962045,1718045,3583.19736,374871407.4107334
1750377600000,2025-06-19T21:00:00,104658.59,106524.65,102345.0,103297.99,16419.06283,1750463999999,1714411911.0114017,3029404,7113.97039,743649283.0800211
1750464000000,2025-06-20T21:00:00,103297.98,103982.64,100837.9,102120.01,11154.21332,1750550399999,1144829784.7306418,2172578,4632.93703,475270667.4226762
1750550400000,2025-06-21T21:00:00,102120.02,103399.62,98200.0,100963.87,28746.41072,1750636799999,2892695407.808688,5121309,13142.02965,1322387353.31664
1750636800000,2025-06-22T21:00:00,100963.87,106074.2,99613.33,105333.93,27666.50609,1750723199999,2836166831.044449,4944207,13408.20163,1375654853.258466
1750723200000,2025-06-23T21:00:00,105333.94,106290.0,104622.02,106083.0,14651.69335,1750809599999,1543451113.4563613,2973481,6848.32158,721631005.2893264
1750809600000,2025-06-24T21:00:00,106083.0,108135.3,105808.03,107340.58,16701.15551,1750895999999,1789545470.94629,2988892,8576.13709,919352853.806412
1750896000000,2025-06-25T21:00:00,107340.59,108272.45,106562.5,106947.06,10573.27279,1750982399999,1136093974.6816013,2597742,4983.08998,535471528.1944927
1750982400000,2025-06-26T21:00:00,106947.06,107735.34,106356.76,107047.59,12232.44042,1751068799999,1308420348.9100094,2304499,4862.2801,520251258.3787664
1751068800000,2025-06-27T21:00:00,107047.58,107577.75,106811.51,107296.79,3282.17352,1751155199999,352025390.6031135,653305,1514.41959,162441164.0132396
1751155200000,2025-06-28T21:00:00,107296.79,108528.5,107172.52,108356.93,6831.7364,1751241599999,736708189.9495684,1223202,3771.10895,406653127.0920804
1751241600000,2025-06-29T21:00:00,108356.93,108789.99,106733.33,107146.5,9754.12491,1751327999999,1050407152.345058,1773485,4331.3813,466474537.7882122
1751328000000,2025-06-30T21:00:00,107146.51,107540.0,105250.85,105681.14,10505.62437,1751414399999,1117432945.8926363,2013289,4648.91727,494549276.1837785
1751414400000,2025-07-01T21:00:00,105681.13,109730.0,105100.19,108849.6,17691.89592,1751500799999,1915699005.8772893,2444708,9248.43029,1002261738.2088752
1751500800000,2025-07-02T21:00:00,108849.59,110529.18,108530.4,109584.78,13047.08225,1751587199999,1429459048.6383262,2568944,6961.89686,763022147.911677
1751587200000,2025-07-03T21:00:00,109584.77,109767.59,107245.0,107984.24,11793.86615,1751673599999,1276215111.6683652,1975212,4787.79822,518313226.966756
1751673600000,2025-07-04T21:00:00,107984.25,108420.56,107756.31,108198.12,3736.9757,1751759999999,403928702.1967476,710020,1803.68528,194976807.3633011
1751760000000,2025-07-05T21:00:00,108198.12,109700.0,107800.01,109203.84,6447.607,1751846399999,700733299.5112199,1256591,3209.35902,348780644.233174
1751846400000,2025-07-06T21:00:00,109203.85,109700.0,107513.2,108262.94,9405.37601,1751932799999,1020848316.053704,1961940,3920.92229,425664101.8022387
1751932800000,2025-07-07T21:00:00,108262.94,109216.56,107429.57,108922.98,9216.0208,1752019199999,1000112813.4398944,1723244,4371.98866,474674358.9974899
1752019200000,2025-07-08T21:00:00,108922.99,111999.79,108324.53,111233.99,17282.2865,1752105599999,1902054744.194924,2328484,8935.70327,983405508.7482138
1752105600000,2025-07-09T21:00:00,111234.0,116868.0,110500.0,116010.0,24883.450665,1752191999999,2826460280.445224,3227017,12900.135467,1465777460.9410756
1752192000000,2025-07-10T21:00:00,116010.01,118869.98,115222.22,117527.66,25873.521148,1752278399999,3039521803.027247,3708194,12502.931168,1468374333.9502122
1752278400000,2025-07-11T21:00:00,117527.66,118200.0,116900.05,117420.0,8446.60437,1752364799999,993093353.4068904,1441851,3784.55219,444996040.9059787
1752364800000,2025-07-12T21:00:00,117420.0,119488.0,117224.79,119086.64,9550.792947,1752451199999,1132096857.0116916,1650283,4766.474307,565024389.3723919
1752451200000,2025-07-13T21:00:00,119086.65,123218.0,118905.18,119841.18,27269.348877,1752537599999,3299746181.0770736,4076133,14099.580747,1705505292.664724
1752537600000,2025-07-14T21:00:00,119841.17,119940.83,115736.92,117758.09,32018.46083,1752623999999,3755258445.553272,3805374,15667.30508,1837578524.9238648
1752624000000,2025-07-15T21:00:00,117758.08,120063.84,117017.29,118630.43,17039.90851,1752710399999,2023850383.723488,2429625,8355.96881,992430971.3675904
1752710400000,2025-07-16T21:00:00,118630.44,120998.71,117453.57,119177.56,15728.57651,1752796799999,1869114355.1231644,2347985,7696.17927,914659207.5744278
1752796800000,2025-07-17T21:00:00,119177.56,120820.71,116812.76,117924.84,19924.66266,1752883199999,2367355518.470308,2805236,8951.37863,1063782057.4785626
1752883200000,2025-07-18T21:00:00,117924.84,118499.9,117277.34,117840.0,6635.80306,1752969599999,783327898.4969696,1133382,2978.3832,351626384.0502903
1752969600000,2025-07-19T21:00:00,117840.01,118856.8,116467.02,117265.12,12962.92889,1753055999999,1528864683.816082,1615935,6581.33371,776457462.9818254
1753056000000,2025-07-20T21:00:00,117265.11,119676.73,116515.0,117380.36,17107.33128,1753142399999,2020783266.9633648,2509543,8426.31812,995117241.6679094
1753142400000,2025-07-21T21:00:00,117380.36,120247.8,116128.0,119954.42,20959.12973,1753228799999,2481252763.651911,2778733,10811.45507,1280627214.6285224
1753228800000,2025-07-22T21:00:00,119954.43,120090.0,117301.0,118755.99,14558.75083,1753315199999,1722126986.886661,2101404,7070.08701,836266328.7446831
1753315200000,2025-07-23T21:00:00,118756.0,119450.0,117103.1,118340.99,15806.89043,1753401599999,1873181653.2018075,2081435,7651.73992,906619084.6035932
1753401600000,2025-07-24T21:00:00,118340.98,118451.57,114723.16,117614.31,38406.34873,1753487999999,4456778786.620494,3282355,17042.77355,1977873720.8964725
1753488000000,2025-07-25T21:00:00,117614.31,118297.35,117138.38,117919.99,6991.67206,1753574399999,823629079.7493103,790372,3167.88355,373290310.2164352
1753574400000,2025-07-26T21:00:00,117919.99,119766.65,117825.5,119415.55,9328.30919,1753660799999,1107883542.1607983,1095080,5238.30358,622261561.2507277
1753660800000,2025-07-27T21:00:00,119415.56,119800.0,117427.5,118062.32,13961.74754,1753747199999,1655882235.896518,1824777,7224.91774,857128354.2234088
1753747200000,2025-07-28T21:00:00,118062.32,119273.36,116950.75,117950.76,15137.93445,1753833599999,1788682083.6856463,1956694,7988.93736,944162800.0745872
1753833600000,2025-07-29T21:00:00,117950.75,118792.0,115796.23,117840.3,15586.73631,1753919999999,1832696878.222986,1997369,7803.61434,917632890.2336526
1753920000000,2025-07-30T21:00:00,117840.29,118922.45,115500.0,115764.08,17010.0073,1754006399999,2002870016.7022424,1859532,8313.51616,979519362.0685424
1754006400000,2025-07-31T21:00:00,115764.07,116052.0,112722.58,113297.93,24487.10206,1754092799999,2810268577.15137,4160829,11487.2212,1318593418.0612547
1754092800000,2025-08-01T21:00:00,113297.92,114063.49,112003.0,112546.35,11507.33428,1754179199999,1301882737.326722,2165714,5060.00835,572586383.0717313
1754179200000,2025-08-02T21:00:00,112546.35,114799.97,111920.0,114208.8,7397.76046,1754265599999,841090034.1542541,1419281,3738.18331,425246221.2955304
1754265600000,2025-08-03T21:00:00,114208.81,115720.0,114107.6,115055.03,9667.67916,1754351999999,1109938874.0629709,1954230,4715.29351,541443274.8093747
1754352000000,2025-08-04T21:00:00,115055.03,115127.81,112650.0,114129.75,12042.79078,1754438399999,1371861747.1466167,2581052,5622.66754,640570774.1010684
1754438400000,2025-08-05T21:00:00,114129.75,115716.0,113355.13,114992.27,9761.15318,1754524799999,1118028732.8589184,2026500,4872.24748,558193207.677072
1754524800000,2025-08-06T21:00:00,114992.27,117621.0,114259.0,117472.01,13468.56263,1754611199999,1564454297.836927,2314671,7008.73753,814088870.444632
1754611200000,2025-08-07T21:00:00,117472.02,117630.0,115878.71,116674.74,10045.31278,1754697599999,1172199778.7242546,2095304,4584.90574,534970598.4687502
1754697600000,2025-08-08T21:00:00,116674.74,117944.05,116299.13,116462.25,9514.13144,1754783999999,1111837601.7023723,1390951,4869.85416,569228301.1169946
1754784000000,2025-08-09T21:00:00,116462.25,119311.11,116460.63,119294.01,14322.77073,1754870399999,1694198747.8718708,2317065,8023.43513,949082473.721322
1754870400000,2025-08-10T21:00:00,119294.27,122335.16,118050.11,118686.0,26494.33429,1754956799999,3194611530.541069,4021743,13243.42946,1596640461.643077
1754956800000,2025-08-11T21:00:00,118686.0,120324.43,118207.47,120134.08,16720.10893,1755043199999,1992762473.5852573,2737841,9265.05962,1104367998.1961715
1755043200000,2025-08-12T21:00:00,120134.09,123667.79,118920.92,123306.43,23210.07102,1755129599999,2811581348.3874574,3712817,11931.26825,1446045988.0483146
1755129600000,2025-08-13T21:00:00,123306.44,124474.0,117180.0,118295.09,27980.947586,1755215999999,3359128391.108524,4350449,13402.078476,1608719584.8697336
1755216000000,2025-08-14T21:00:00,118295.09,119216.82,116803.99,117342.05,13623.33874,1755302399999,1607609329.685101,2895016,6141.41708,724799635.8172467
1755302400000,2025-08-15T21:00:00,117342.04,117898.99,117143.98,117380.66,6393.68117,1755388799999,751719391.7723638,1179842,2995.22865,352158781.0964551
1755388800000,2025-08-16T21:00:00,117380.66,118575.0,117172.21,117405.01,5898.64192,1755475199999,695629197.9038073,1177563,2804.73113,330799448.0903654
1755475200000,2025-08-17T21:00:00,117405.01,117543.75,114640.14,116227.05,17745.93954,1755561599999,2053814085.4717767,3346280,7647.70667,885108979.4887486
1755561600000,2025-08-18T21:00:00,116227.05,116725.69,112732.58,112872.94,18065.47424,1755647999999,2065010895.8584664,3291182,8609.4137,984093545.594422
1755648000000,2025-08-19T21:00:00,112872.95,114615.38,112380.0,114271.24,15636.34194,1755734399999,1776149566.1247735,2998370,7209.58575,819330970.2158619
1755734400000,2025-08-20T21:00:00,114271.23,114821.76,112015.67,112500.0,10839.69235,1755820799999,1227373788.615563,2357380,5346.48007,605400341.4544928
1755820800000,2025-08-21T21:00:00,112500.0,117429.05,111684.79,116935.99,23128.09037,1755907199999,2656625122.2777867,3438518,11843.59711,1359907711.8726692
1755907200000,2025-08-22T21:00:00,116936.0,117030.0,114560.0,115438.05,11329.36197,1755993599999,1308825428.0143583,1559569,5083.35014,587273893.1314433
1755993600000,2025-08-23T21:00:00,115438.06,115666.68,110680.0,113493.59,21175.98462,1756079999999,2411284606.189177,2573906,9325.0671,1061855201.3343124
1756080000000,2025-08-24T21:00:00,113493.59,113667.28,109274.1,110111.98,25182.79379,1756166399999,2805570653.631023,4695718,11387.5817,1269662985.34418
1756166400000,2025-08-25T21:00:00,110111.98,112371.0,108666.66,111763.22,18452.43877,1756252799999,2033437347.4999392,4077474,9863.43157,1087468493.596964
1756252800000,2025-08-26T21:00:00,111763.22,112625.0,110345.42,111262.01,13392.60875,1756339199999,1493774927.190832,3111496,6261.8455,698586344.1774796
1756339200000,2025-08-27T21:00:00,111262.01,113485.9,110862.42,112566.9,11104.27744,1756425599999,1250788481.9453218,2066780,5139.46509,578866003.6838148
1756425600000,2025-08-28T21:00:00,112566.9,112638.64,107463.9,108377.4,22580.31045,1756511999999,2475492492.57753,3606959,10616.35644,1164321513.1044571
1756512000000,2025-08-29T21:00:00,108377.4,108926.15,107350.1,108816.33,10708.39159,1756598399999,1160666772.7387524,1411040,5797.17783,628457794.843401
1756598400000,2025-08-30T21:00:00,108816.33,109480.02,108076.93,108246.35,9489.51596,1756684799999,1031806894.3513318,1366633,4573.61058,497406888.1691883
1756684800000,2025-08-31T21:00:00,108246.36,109912.4,107255.0,109237.42,16053.60219,1756771199999,1742516638.781135,2729384,7532.99101,817730948.9844334
1756771200000,2025-09-01T21:00:00,109237.43,111771.52,108393.39,111240.01,18510.28756,1756857599999,2042681451.9016385,2596328,9088.71727,1003032805.5367996
1756857600000,2025-09-02T21:00:00,111240.01,112575.27,110528.71,111705.71,11773.72084,1756943999999,1313762617.3436644,2214249,5539.29462,618293676.5075179
1756944000000,2025-09-03T21:00:00,111705.72,112180.0,109329.12,110730.87,12203.13536,1757030399999,1349031325.5320847,2230255,6070.78151,670681185.82571
1757030400000,2025-09-04T21:00:00,110730.87,113384.62,110206.96,110659.99,21587.40888,1757116799999,2413132200.623325,2970419,10787.81127,1206066261.227201
1757116800000,2025-09-05T21:00:00,110660.0,111307.7,109977.0,110187.97,5000.29897,1757203199999,552785936.5434699,795201,2308.83297,255237426.946011
1757203200000,2025-09-06T21:00:00,110187.98,111600.0,110180.0,111137.34,5681.29944,1757289599999,630447950.1588689,874961,2570.85199,285303923.5404623
1757289600000,2025-09-07T21:00:00,111137.35,112924.37,110621.78,112065.23,11582.40211,1757375999999,1295903862.4649603,1744598,5531.65969,618773275.3576307
1757376000000,2025-09-08T21:00:00,112065.23,113293.29,110766.66,111546.39,15379.28248,1757462399999,1721465997.906366,2143242,7597.38038,849973176.1775684
1757462400000,2025-09-09T21:00:00,111546.38,114313.13,110917.45,113960.0,17517.41823,1757548799999,1978834750.2223115,2182534,8274.63998,934646697.4823323
1757548800000,2025-09-10T21:00:00,113960.0,115488.09,113430.0,115482.69,13676.73119,1757635199999,1562241144.956541,2166359,6744.29993,770595422.6905214
1757635200000,2025-09-11T21:00:00,115482.69,116665.63,114740.99,116029.42,15324.10719,1757721599999,1772122269.5018637,2481491,7995.57276,924775389.8569396
1757721600000,2025-09-12T21:00:00,116029.41,116298.78,115127.27,115918.29,8269.40394,1757807999999,957724220.6497612,1223635,3590.09359,415773029.4393527
1757808000000,2025-09-13T21:00:00,115918.29,116165.19,115135.0,115268.01,6707.60197,1757894399999,775762364.9685991,1237218,3406.90777,393977059.3035421
1757894400000,2025-09-14T21:00:00,115268.01,116757.99,114384.0,115349.71,13212.51149,1757980799999,1522648235.2235153,2857989,6621.3636,763138585.6850249
1757980800000,2025-09-15T21:00:00,115349.71,116964.27,114737.11,116788.96,10926.9094,1758067199999,1265779287.5169268,2047058,5292.18365,613182568.9919184
1758067200000,2025-09-16T21:00:00,116788.96,117286.73,114720.81,116447.59,16754.2454,1758153599999,1946083704.6217456,3227418,7975.0019,926282110.833079
1758153600000,2025-09-17T21:00:00,116447.6,117900.0,116092.76,117073.53,11657.23365,1758239999999,1367513347.486509,2252654,5717.34538,670700552.9347277
1758240000000,2025-09-18T21:00:00,117073.53,117459.99,115100.0,115632.38,8992.09065,1758326399999,1045792401.4532388,1732471,4020.81483,467345983.0786799
1758326400000,2025-09-19T21:00:00,115632.39,116121.81,115408.47,115685.63,4674.92752,1758412799999,541264273.2416894,740451,2276.16483,263511469.8432588
1758412800000,2025-09-20T21:00:00,115685.63,115819.06,115188.0,115232.29,4511.52219,1758499199999,521299751.1504096,945965,2016.72489,233031538.7469931
1758499200000,2025-09-21T21:00:00,115232.29,115379.25,111800.0,112650.99,20781.71356,1758585599999,2348872511.698875,3045876,9312.35777,1052684266.8981876
1758585600000,2025-09-22T21:00:00,112650.99,113290.5,111458.73,111998.8,12301.3203,1758671999999,1383869800.273703,2455729,5543.3609,623665658.7200328
1758672000000,2025-09-23T21:00:00,111998.8,113940.0,111042.66,113307.0,12369.25967,1758758399999,1394470628.502582,2229837,6100.69487,687826281.220477
1758758400000,2025-09-24T21:00:00,113307.01,113510.23,108631.51,108994.49,21231.14957,1758844799999,2356639689.925215,4409953,9511.07937,1055527535.7684448
1758844800000,2025-09-25T21:00:00,108994.49,110300.0,108620.07,109643.46,14243.01591,1758931199999,1557098915.9392595,3257155,6978.29033,762955442.7524
1758931200000,2025-09-26T21:00:00,109643.46,109743.91,109064.4,109635.85,5501.78643,1759017599999,601947588.9970765,919594,2523.25886,276080500.9941954
1759017600000,2025-09-27T21:00:00,109635.85,112350.0,109189.99,112163.95,7542.3316,1759103999999,832254944.3203353,1484866,3781.87606,417495757.16935
1759104000000,2025-09-28T21:00:00,112163.96,114400.0,111560.65,114311.96,15541.12005,1759190399999,1755247635.871136,2442653,7836.68768,884934987.568753
1759190400000,2025-09-29T21:00:00,114311.97,114792.0,112656.27,114048.93,15044.15633,1759276799999,1710713267.1300955,3018331,7185.72154,817044461.2701815
1759276800000,2025-09-30T21:00:00,114048.94,118649.1,113966.67,118594.99,20036.39516,1759363199999,2332096981.265933,3430343,10071.04092,1172422657.4065175
1759363200000,2025-10-01T21:00:00,118594.99,121022.07,118279.31,120529.35,19670.83503,1759449599999,2349861127.3445807,3472073,9753.07848,1164986423.9898076
1759449600000,2025-10-02T21:00:00,120529.35,123894.99,119248.3,122232.0,23936.328,1759535999999,2907381076.6813188,4246820,11288.62355,1372792607.6136217
1759536000000,2025-10-03T21:00:00,122232.21,122800.0,121510.0,122391.0,8208.16678,1759622399999,1002272903.3446472,1703590,3767.80335,460154433.1236619
1759622400000,2025-10-04T21:00:00,122390.99,125708.42,122136.0,123482.31,22043.097553,1759708799999,2730817470.939564,3690670,11780.672403,1459478400.9109962
1759708800000,2025-10-05T21:00:00,123482.32,126199.63,123084.0,124658.54,19494.628793,1759795199999,2428828952.2653184,4206167,9963.008153,1241625129.7177184
1759795200000,2025-10-06T21:00:00,124658.54,125126.0,120574.94,121332.95,21633.99385,1759881599999,2657405799.8705487,4390785,9699.35099,1191947741.6989057
1759881600000,2025-10-07T21:00:00,121332.96,124197.25,121066.14,123306.0,17012.618,1759967999999,2084842842.441617,4184997,9039.06222,1107976264.6948595
1759968000000,2025-10-08T21:00:00,123306.01,123762.94,119651.47,121662.4,21559.36007,1760054399999,2621438087.566733,4231167,10144.15364,1233882833.5642388
1760054400000,2025-10-09T21:00:00,121662.41,122550.0,102000.0,112774.5,64171.93927,1760140799999,7349750905.041158,11404522,30502.14297,3493298452.846008
1760140800000,2025-10-10T21:00:00,112774.49,113322.39,109561.59,110644.4,35448.51652,1760227199999,3961069473.231136,6661929,15375.94796,1718429599.5669522
1760227200000,2025-10-11T21:00:00,110644.4,115770.0,109565.06,114958.8,32255.30272,1760313599999,3638546528.740156,6048575,16915.44533,1907676479.1772509
1760313600000,2025-10-12T21:00:00,114958.81,115963.81,113616.5,115166.0,22557.24033,1760399999999,2591831660.985749,5739352,10710.89723,1230950583.8424666
1760400000000,2025-10-13T21:00:00,115166.0,115409.96,109866.0,113028.14,31870.32974,1760486399999,3578140778.808499,7425642,14944.19197,1677011392.6343808
1760486400000,2025-10-14T21:00:00,113028.13,113612.35,110164.0,110763.28,22986.48811,1760572799999,2569639641.3527684,5243141,10499.31831,1173678794.920774
1760572800000,2025-10-15T21:00:00,110763.28,111982.45,107427.0,108194.28,29857.17252,1760659199999,3277596494.7619195,6127094,13126.95119,1441416875.126377
1760659200000,2025-10-16T21:00:00,108194.27,109240.0,103528.23,106431.68,37920.66838,1760745599999,4022645635.221202,7570685,17996.99946,1909654487.4562209
1760745600000,2025-10-17T21:00:00,106431.68,107499.0,106322.2,107185.01,11123.18766,1760831999999,1189002999.143113,2105450,4845.85641,518065716.6618129
1760832000000,2025-10-18T21:00:00,107185.0,109450.07,106103.36,108642.78,15480.66423,1760918399999,1670074079.5802343,3205640,7100.31013,766423535.8177378
1760918400000,2025-10-19T21:00:00,108642.77,111705.56,107402.52,110532.09,19193.4416,1761004799999,2119912185.593468,4283542,9280.50075,1024925788.7216992
1761004800000,2025-10-20T21:00:00,110532.09,114000.0,107473.72,108297.67,37228.01659,1761091199999,4114477849.932054,6004063,17034.07155,1881327751.3346128
1761091200000,2025-10-21T21:00:00,108297.66,109163.88,106666.69,107567.44,28610.78451,1761177599999,3090291706.4439816,5547903,13766.58861,1487179903.5999787
1761177600000,2025-10-22T21:00:00,107567.45,111293.61,107500.0,110078.18,17573.09294,1761263999999,1924582289.411394,3721614,8575.33716,938905317.7034107
1761264000000,2025-10-23T21:00:00,110078.19,112104.98,109700.01,111004.89,15005.16913,1761350399999,1662806764.9533324,3241022,7511.2434,832390454.8076226
1761350400000,2025-10-24T21:00:00,111004.9,111943.19,110672.86,111646.27,6407.96864,1761436799999,714201332.9751225,1238199,3087.0866,344113931.7999452
1761436800000,2025-10-25T21:00:00,111646.27,113827.02,111260.45,113649.2,5732.95677,1761523199999,644754493.5053107,1084123,3080.82775,346600805.627489
1761523200000,2025-10-26T21:00:00,114559.41,116400.0,114362.26,115382.7,12261.44036,1761609599999,1414746004.085209,1766239,5995.21881,691762732.8942988
1761609600000,2025-10-27T21:00:00,114107.65,114634.46,113483.3,114582.01,5260.29308,1761695999999,600003025.6791334,1208452,2758.38045,314738892.2729827
